id;gt
NDARBH024NH2;0
D0000134_alpha;1
NDARBK082PDD;0
D0000135_alpha;1
NDARDR296XHN;1
D0000137_alpha;0
NDARET653TAM;1
D0000138_alpha;0
NDARDX872VH6;1
D0000140_alpha;0
NDARAV610EY3;1
D0000143_alpha;0
NDARCW963FP9;1
D0000145_alpha;0
NDARAM277WZT;1
D0000147_alpha;1
NDARDL511UND;0
D0000149_alpha;1
NDAREF389RY2;0
D0000150_alpha;1
NDARAC904DMU;0
D0000151_alpha;1
NDARBL117AUV;0
D0000153_alpha;1
NDARBA521RA8;0
D0000155_alpha;1
NDARDJ092YKH;0
D0000159_alpha;1
NDARCJ363KLE;0
D0000161_alpha;1
NDAREX065KJU;0
D0000162_alpha;1
NDARDJ825GBP;0
D0000164_alpha;1
NDARAE012DGA;0
D0000165_alpha;1
NDARAN385MDH;0
D0000166_alpha;1
NDARCX053GU5;0
D0000167_alpha;1
NDAREM703YFD;0
D0000170_alpha;1
NDAREW976FNL;0
D0000172_alpha;1
NDARCY178KJP;0
D0000174_alpha;1
NDARFK610GY5;0
D0000175_alpha;1
NDARAA075AMK;0
D0000176_alpha;1
NDARGG205WVN;0
D0000177_alpha;1
NDARBU928LV0;0
D0000178_alpha;1
NDARGH790CEF;0
D0000179_alpha;1
NDARAX283MAK;0
D0000180_alpha;1
NDARFY075REK;0
D0000182_alpha;1
NDARFW292PBD;0
D0000183_alpha;1
NDARGT022BEW;0
D0000185_alpha;1
NDAREW201WD9;0
D0000188_alpha;1
NDARHB764VZ2;0
D0000191_alpha;1
NDARGT682ZWN;0
D0000192_alpha;1
NDARCE721YB5;0
D0000194_alpha;1
NDARJM708VGE;0
D0000196_alpha;1
NDARGR875AXY;0
D0000197_alpha;1
NDARJJ356DAL;0
D0000198_alpha;1
NDAREH074NG8;0
D0000199_alpha;1
NDARJJ343TR0;0
D0000200_alpha;1
NDARDN489EXJ;0
D0000201_alpha;1
NDAREK549XUQ;0
D0000202_alpha;1
NDAREU551GPC;0
D0000203_alpha;1
NDARLA395AG8;0
D0000204_alpha;1
NDARKT811ATJ;0
D0000205_alpha;1
NDARHB000YF8;0
D0000206_alpha;1
NDARKH837TB2;0
D0000207_alpha;1
NDARFL411AT1;0
D0000209_alpha;1
NDARGD507TDZ;0
D0000210_alpha;1
NDARGV956EGX;0
D0000211_alpha;1
NDARJB355YHK;0
D0000212_alpha;1
NDARGX443CEU;0
D0000213_alpha;1
NDARHP924ZHW;0
D0000214_alpha;1
NDARJH441HJD;0
D0000215_alpha;1
NDARJZ089HVP;0
D0000218_alpha;1
NDARKR010EN7;0
D0000222_alpha;1
NDARKN509RP9;0
D0000223_alpha;1
NDARJV377HG4;0
D0000225_alpha;1
NDARKU278YRR;0
D0000227_alpha;1
NDARLC358CYJ;0
D0000228_alpha;1
NDARLA516PH1;0
D0000229_alpha;1
NDARLF446MT5;0
D0000231_alpha;1
NDARLJ886BFK;0
D0000232_alpha;1
NDARLU606ZDD;0
D0000233_alpha;1
NDARLV387GP4;0
D0000234_alpha;1
NDARLX816JUZ;0
D0000235_alpha;1
NDARLU111UYF;0
D0000238_alpha;1
NDARLX836EHJ;0
D0000240_alpha;1
NDARMC759CX3;0
D0000241_alpha;1
NDARLZ104NDT;0
D0000243_alpha;1
NDARMC760NEC;0
D0000244_alpha;1
NDARMD575AXD;0
D0000245_alpha;1
NDARME930DE7;0
D0000247_alpha;1
NDARMF508PA2;0
D0000249_alpha;1
NDARMH625WKL;0
D0000250_alpha;1
NDARMM782KJK;0
D0000251_alpha;1
NDARMT882AWE;0
D0000253_alpha;1
NDARMV575DC1;0
D0000254_alpha;1
NDARMW252AJW;0
D0000255_alpha;1
NDARMW178UDD;0
D0000257_alpha;1
NDARMZ518UH1;0
D0000258_alpha;1
NDARNG689AAP;0
D0000260_alpha;1
NDARNT939YMG;0
D0000262_alpha;1
NDARPC817XZ5;0
D0000263_alpha;1
NDARPE056ACA;0
D0000264_alpha;1
NDARPW482TVE;0
D0000265_alpha;1
NDARPZ621ZLE;0
D0000266_alpha;1
NDARRB338YZ0;0
D0000267_alpha;1
NDARRD326KB9;0
D0000269_alpha;1
NDARRG199RU4;0
D0000270_alpha;1
NDARRG415BJM;0
D0000271_alpha;1
NDARRK882CLT;0
D0000272_alpha;1
NDARRV480PU1;0
D0000274_alpha;1
NDARRV638MJV;0
D0000276_alpha;1
NDARRY785GLM;0
D0000278_alpha;1
NDARRY280KNW;0
D0000279_alpha;1
NDARTH473LF8;0
D0000282_alpha;1
NDARTH610GMK;0
D0000286_alpha;1
NDARWX051KEV;0
D0000290_alpha;1
