id;gt
NDARBH024NH2;0
NDARAC349YUC;1
NDARBK082PDD;0
NDARAD615WLJ;1
NDARDR296XHN;0
NDARAG143ARJ;1
NDARET653TAM;0
NDARAP176AD1;1
NDARDX872VH6;0
NDARAP359UM6;1
NDARAV610EY3;0
NDARAT299YRR;1
NDARCW963FP9;0
NDARAV894XWD;1
NDARAM277WZT;0
NDARAX272ZJL;1
NDARDL511UND;0
NDARBC296PLU;1
NDAREF389RY2;0
NDARBU757VJK;0
NDARAC904DMU;1
NDARBX121UM9;0
NDARBL117AUV;1
NDARCT974NAJ;0
NDARBA521RA8;1
NDARCU957PGQ;0
NDARDJ092YKH;1
NDARCZ770BRG;0
NDARCJ363KLE;1
NDARDL129FV3;0
NDAREX065KJU;1
NDARDN702GXX;0
NDARDJ825GBP;1
NDARDT528ZZJ;0
NDARAE012DGA;1
NDARDU986RBM;0
NDARAN385MDH;1
NDAREK918EC2;0
NDARCX053GU5;0
NDAREL164JM1;1
NDAREM703YFD;0
NDAREM731BYM;1
NDAREW976FNL;0
NDARFE163HVN;1
NDARCY178KJP;0
NDARFT834NT1;1
NDARFK610GY5;0
NDARGB324PM1;1
NDARAA075AMK;0
NDARGF367KVL;1
NDARGG205WVN;0
NDARGH407KVG;1
NDARBU928LV0;0
NDARGH775KF5;1
NDARGH790CEF;0
NDARGJ627BL2;1
NDARAX283MAK;0
NDARGT267UZR;0
NDARFY075REK;1
NDARHD059PEQ;0
NDARFW292PBD;1
NDARHF150FDY;0
NDARGT022BEW;1
NDARHF904CWB;0
NDAREW201WD9;1
NDARHJ523XGB;0
NDARHB764VZ2;1
NDARHU831NXU;0
NDARGT682ZWN;1
NDARJD387HWG;0
NDARCE721YB5;1
NDARJF565ZRA;0
NDARJM708VGE;1
NDARJT517YHZ;0
NDARGR875AXY;1
NDARJY033DKZ;0
NDARJJ356DAL;0
NDARJZ715FE8;1
NDAREH074NG8;0
NDARKA085YRG;1
NDARJJ343TR0;0
NDARKA958FAH;1
NDARDN489EXJ;0
NDARKB290YNY;1
NDAREK549XUQ;0
NDARKG785VAJ;1
NDAREU551GPC;0
NDARKJ322ELL;1
NDARLA395AG8;0
NDARKM497VKX;1
NDARKT811ATJ;0
NDARKX528PH3;1
NDARHB000YF8;0
NDARLF480DMW;1
NDARKH837TB2;0
NDARLG154ZA3;0
NDARFL411AT1;1
NDARLJ549WTT;0
NDARGD507TDZ;1
NDARLJ654TZ0;0
NDARGV956EGX;1
NDARLL914UW4;0
NDARJB355YHK;1
NDARLP624GFH;0
NDARGX443CEU;1
NDARLY585ZVN;0
NDARHP924ZHW;1
NDARME880JD7;0
NDARJH441HJD;1
NDARMJ495DE0;0
NDARJZ089HVP;1
NDARML024FF2;0
NDARKR010EN7;1
NDARML148UCE;0
NDARKN509RP9;0
NDARML406ZB8;1
NDARJV377HG4;0
NDARMM951YEH;1
NDARKU278YRR;0
NDARMV718DYL;1
NDARLC358CYJ;0
NDARMY533CYM;1
NDARLA516PH1;0
NDARNP370WGP;1
NDARLF446MT5;0
NDARPL306LC6;1
NDARLJ886BFK;0
NDARRA314KW4;1
NDARLU606ZDD;0
NDARRC016UZE;1
NDARLV387GP4;0
NDARRC190NKB;1
NDARLX816JUZ;0
NDARRH407MEY;0
NDARLU111UYF;1
NDARRK038CBD;0
NDARLX836EHJ;1
NDARTB552HP0;0
NDARMC759CX3;1
NDARTC227AXA;0
NDARLZ104NDT;1
NDARTM562NEW;0
NDARMC760NEC;1
NDARTW939GJF;0
NDARMD575AXD;1
NDARTY146DKE;0
NDARME930DE7;1
NDARUJ962NZB;0
NDARMF508PA2;1
NDARUY876VL1;0
NDARMH625WKL;1
NDARVG618BM6;0
NDARMM782KJK;0
NDARVG971CHH;1
NDARMT882AWE;0
NDARVM685MER;1
NDARMV575DC1;0
NDARVN883AU2;1
NDARMW252AJW;0
NDARVV199XK2;1
NDARMW178UDD;0
NDARWA351ZE2;1
NDARMZ518UH1;0
NDARWA513WM2;1
NDARNG689AAP;0
NDARWB457JU6;1
NDARNT939YMG;0
NDARWG911DZG;1
NDARPC817XZ5;0
NDARWR881WMX;1
NDARPE056ACA;0
NDARWT086XMF;0
NDARPW482TVE;1
NDARWU018VDB;0
NDARPZ621ZLE;1
NDARWY235XNE;0
NDARRB338YZ0;1
NDARXL023NG9;0
NDARRD326KB9;1
NDARXU715EGL;0
NDARRG199RU4;1
NDARXY240WJC;0
NDARRG415BJM;1
NDARYN174NPH;0
NDARRK882CLT;1
NDARYR150UDP;0
NDARRV480PU1;1
NDARYT155NHX;0
NDARRV638MJV;1
NDARYT405NET;0
NDARRY785GLM;0
NDARYZ909VND;1
NDARRY280KNW;0
NDARZA694WHF;1
NDARTH473LF8;0
NDARZE831DKC;1
NDARTH610GMK;0
NDARZE850WXD;1
NDARWX051KEV;0
NDARZJ598BK0;1
